{
  "auc": [
    0.8321804404258728,
    0.8932185769081116,
    0.9021041989326477,
    0.9086630940437317,
    0.9132627844810486,
    0.9142885804176331,
    0.917080819606781,
    0.9224323630332947,
    0.9244709610939026,
    0.924532413482666,
    0.9287663698196411,
    0.9296572208404541,
    0.9299306273460388,
    0.932802677154541,
    0.9340064525604248,
    0.934859037399292,
    0.9373651742935181,
    0.9391564130783081,
    0.9426254630088806,
    0.9424440860748291,
    0.9432307481765747,
    0.9455940127372742,
    0.9467667937278748
  ],
  "loss": [
    0.510787308216095,
    0.4097233712673187,
    0.3898325264453888,
    0.37309974431991577,
    0.3646138608455658,
    0.36182013154029846,
    0.3534497320652008,
    0.34121590852737427,
    0.3362775146961212,
    0.3371596038341522,
    0.32888102531433105,
    0.32618728280067444,
    0.3233197331428528,
    0.31792202591896057,
    0.31528663635253906,
    0.313461035490036,
    0.3061521649360657,
    0.30247148871421814,
    0.29247668385505676,
    0.2954237163066864,
    0.2937726080417633,
    0.2860190272331238,
    0.2825898230075836
  ],
  "precision": [
    0.7308099269866943,
    0.7890663743019104,
    0.790926992893219,
    0.7964216470718384,
    0.8009158968925476,
    0.8020808100700378,
    0.8080562949180603,
    0.809073269367218,
    0.8153921365737915,
    0.8113207817077637,
    0.8152279257774353,
    0.8200632929801941,
    0.8206069469451904,
    0.8213940262794495,
    0.8233576416969299,
    0.8201733231544495,
    0.8284052610397339,
    0.8230898976325989,
    0.8353227972984314,
    0.8323586583137512,
    0.8305002450942993,
    0.837067723274231,
    0.8372036218643188
  ],
  "recall": [
    0.7458130717277527,
    0.8538627624511719,
    0.8665586113929749,
    0.8897892832756042,
    0.8976228833198547,
    0.895461916923523,
    0.8995137810707092,
    0.9008644223213196,
    0.9043760299682617,
    0.9059967398643494,
    0.9081577658653259,
    0.9097784757614136,
    0.9057266116142273,
    0.9168017506599426,
    0.9141004681587219,
    0.9203133583068848,
    0.9232847094535828,
    0.9224743247032166,
    0.9262560606002808,
    0.9227444529533386,
    0.9238249659538269,
    0.9284170866012573,
    0.9251756072044373
  ],
  "val_auc": [
    0.9126143455505371,
    0.9197826385498047,
    0.9219791293144226,
    0.9221214652061462,
    0.9244095087051392,
    0.9237181544303894,
    0.9243808388710022,
    0.9243308305740356,
    0.9248625636100769,
    0.9250859022140503,
    0.9252890944480896,
    0.92460697889328,
    0.9249942302703857,
    0.9237381219863892,
    0.9242713451385498,
    0.9260126948356628,
    0.9242756962776184,
    0.9236122369766235,
    0.9240072965621948,
    0.9241354465484619,
    0.9229481220245361,
    0.9227921962738037,
    0.9225122928619385
  ],
  "val_loss": [
    0.3743481934070587,
    0.35200148820877075,
    0.3492307960987091,
    0.3459938168525696,
    0.33916333317756653,
    0.3390219211578369,
    0.33785247802734375,
    0.33823251724243164,
    0.3364403247833252,
    0.3368043303489685,
    0.3365413248538971,
    0.33969932794570923,
    0.3362320363521576,
    0.33817344903945923,
    0.3389993906021118,
    0.33930930495262146,
    0.33963194489479065,
    0.34577274322509766,
    0.3421800136566162,
    0.34095466136932373,
    0.345688134431839,
    0.34704551100730896,
    0.3484131693840027
  ],
  "val_precision": [
    0.803222119808197,
    0.815330982208252,
    0.8044198751449585,
    0.8102678656578064,
    0.8292397856712341,
    0.8313679099082947,
    0.8306264281272888,
    0.8380614519119263,
    0.8376470804214478,
    0.8223234415054321,
    0.8213879466056824,
    0.8387096524238586,
    0.8217142820358276,
    0.8220436573028564,
    0.8250862956047058,
    0.826945424079895,
    0.8279069662094116,
    0.828807532787323,
    0.8244186043739319,
    0.82863849401474,
    0.8193325400352478,
    0.8189157843589783,
    0.8227114677429199
  ],
  "val_recall": [
    0.8802017569541931,
    0.8852459192276001,
    0.9180327653884888,
    0.9155107140541077,
    0.8940731287002563,
    0.8890290260314941,
    0.9029003977775574,
    0.8940731287002563,
    0.8978562355041504,
    0.9104666113853455,
    0.9104666113853455,
    0.8852459192276001,
    0.9066835045814514,
    0.9029003977775574,
    0.9041613936424255,
    0.8978562355041504,
    0.8978562355041504,
    0.8852459192276001,
    0.8940731287002563,
    0.8902900218963623,
    0.8978562355041504,
    0.8953341841697693,
    0.8953341841697693
  ],
  "learning_rate": [
    0.0010000000474974513,
    0.0010000000474974513,
    0.0010000000474974513,
    0.0010000000474974513,
    0.0010000000474974513,
    0.0010000000474974513,
    0.0010000000474974513,
    0.0010000000474974513,
    0.0010000000474974513,
    0.0010000000474974513,
    0.0010000000474974513,
    0.0010000000474974513,
    0.0010000000474974513,
    0.0010000000474974513,
    0.0010000000474974513,
    0.0010000000474974513,
    0.0010000000474974513,
    0.0010000000474974513,
    0.0005000000237487257,
    0.0005000000237487257,
    0.0005000000237487257,
    0.0005000000237487257,
    0.0005000000237487257
  ]
}